tweet_id,isPolitical
1418828259614236672,No
1424439289753083911,No
1354305766644199427,Yes
1438890637282193408,Yes
1397543048452591616,No
1430260362805383170,Yes
1471924181436620805,Yes
1436970231897935876,Yes
1456842780853030916,Yes
1467909985531224070,Yes
1470402120868409352,Yes
1449317851618324483,Yes
1426517434140397569,Yes
1457324208501964804,Yes
1444621468948647938,Yes
1445116491146334213,Yes
1451477010950377490,Yes
1447048045049303043,No
1422596875694321669,Yes
1439910086831394817,Yes
1473022961288454144,Yes
1399833748707885059,No
1386990822151892992,No
1405867153505542144,No
1393299668151451653,No
1419379597322461185,No
1397678138625253381,No
1386402933839785984,Yes
1436370696196837410,Yes
1448907804241244160,Yes
1474435269252243461,Yes
1392142958833643526,No
1350088578940940292,No
1446900461974474760,Yes
1445332378252201989,Yes
1423750477099962369,Yes
1367903157041369096,No
1388577475765047296,No
1405773222520385539,No
1415965255381966852,No
1441706605024714752,No
1427634546883846156,Yes
1376154904058810368,No
1450103862900166662,Yes
1359195641415675905,No
1425536074756075521,Yes
1445291745928007681,Yes
1445266296376074242,Yes
1371490881644199938,No
1412786121864536065,No
1368596658783744006,No
1449808735778508800,Yes
1455360344222834695,Yes
1471866129907867661,Yes
1389251100302266370,No
1444531116204085252,Yes
1367380400381644802,No
1447933741343690759,No
1443980486045573190,Yes
1389984109036978178,Yes
1419355763563278337,Yes
1467873769477844992,Yes
1426909005906120710,Yes
1440046045400993798,Yes
1347539459219345410,No
1407985907018485764,No
1468168986181484546,No
1377751333323804675,Yes
1447523447425359874,Yes
1421127355121209344,No
1385717142893572110,No
1435515157506142211,Yes
1393556520202297346,No
1376969245771374599,No
1389681506788982791,No
1428277929096761349,Yes
1416055489021063169,Yes
1450504596124839939,Yes
1420455354320707587,Yes
1469581609850609666,Yes
1393150012029341697,Yes
1355801925619494914,No
1367175353865809923,Yes
1455230798609666052,Yes
1348200948334800897,No
1398191052926902273,No
1469034806176587782,No
1449432639094538240,Yes
1415270420719312897,No
1426640641963008000,No
1457638053007306754,Yes
1450171289302454272,Yes
1384160304515358726,No
1419216631197278211,No
1453084293811429380,Yes
1404698605345148931,No
1435991805825363975,Yes
1356876522221694976,No
1470112536397860866,Yes
1386638321946873860,Yes
1350136459832012801,Yes
1412000543380234242,No
1360194954069442560,No
1428459301199360004,No
1468226721661042695,Yes
1408355217175990272,No
1437503080438829065,Yes
1459233910479540227,Yes
1438345222472314881,Yes
1437105742943854601,No
1421814725550223360,Yes
1388514856920403968,No
1444326678906478596,Yes
1469735120722481153,No
1449007463315935243,Yes
1429199079351914504,No
1375919591843586049,No
1428078111829151758,Yes
1360275746858631178,No
1427886698373869576,No
1467148465734131712,Yes
1448552385668845572,No
1468688498551050241,Yes
1467082698854383617,Yes
1347832660345958402,No
1434442685612498945,Yes
1386844382226227200,No
1427910613033000962,No
1471429292114554882,Yes
1418328897482014725,Yes
1440339061835649030,No
1368143027609468931,No
1449781966065356808,Yes
1363805229309976579,No
1437684599652589569,Yes
1449019810851995648,Yes
1434126007628443652,Yes
1432787719130861571,No
1414180670495027200,No
1347093495228604424,No
1422243512880439297,Yes
1405870196917686280,No
1379490257784221698,No
1442579616934285313,Yes
1458184064171745288,Yes
1434537206492893189,Yes
1435581774848053248,Yes
1455501658398593026,Yes
1425140737281298433,Yes
1355835189377830913,No
1472346957591064579,Yes
1474327413412794370,Yes
1434914996299907073,No
1358744431634038784,No
1396571526019833859,Yes
1358374840466612225,No
1417859701564391427,Yes
1469967027167285255,No
1459230488246337541,Yes
1420760765485576289,Yes
1448875477960122368,Yes
1422534664460320775,Yes
1376137890699304965,No
1360347207308877828,Yes
1398950683739631618,No
1388488098103836674,No
1466784121657733120,No
1413932753121386498,No
1451632293748031496,Yes
1367563933062684677,No
1446501028497694720,Yes
1373713881193938949,No
1400125537234960396,No
1423901833332920324,Yes
1425552306104307724,Yes
1426975398567587844,Yes
1375135000304222209,No
1422800142181208065,No
1435692578981171202,Yes
1443846066630242332,Yes
1393504447083552772,Yes
1417756717723439109,No
1407004221355048966,No
1446478446285230090,Yes
1471484390496735238,No
1467055363870633986,Yes
1399331888507113474,No
1435968776739065866,Yes
1360595351972028423,No
1434027005008359425,No
1471733084760559616,No
1419345344018665474,Yes
1425172134427496458,Yes
1422580648791973891,Yes
1445610010554236929,Yes
1383836964361699343,No
1371566183628017668,Yes
1408891535677169670,No
1423795800342155264,No
1419359838627303427,Yes
1440652128771473413,Yes
1473277694959890433,Yes
1402522297152512002,No
1452392692952940547,No
1451174102283210752,Yes
1405136923505696773,No
1374973651741765632,No
1431168327708254217,No
1455798893250326532,Yes
1386768166706110473,Yes
1470130020479913989,Yes
1428339673873752071,Yes
1353057206648754177,No
1398302462008832001,No
1365940239953506306,No
1433145820430360581,Yes
1470486599570010118,Yes
1469006639328079875,Yes
1438502047515496448,Yes
1385268117090209794,No
1419203594453241859,No
1418657716751450113,Yes
1438903206940135425,Yes
1349425316452773889,No
1421419878121189378,No
1435917804117573638,Yes
1433019867553271814,No
1455138390882586630,No
1423010555170852866,Yes
1344951704924663810,No
1441998306700402688,No
1430041286346780699,No
1438862778396184579,No
1422191908084981764,Yes
1426631500485832705,No
1452370181288824841,No
1347913674590195721,No
1430039687050276882,No
1473361065786417153,Yes
1426271442937827329,Yes
1449949292739940366,No
1473715014888472589,Yes
1470324271864070146,Yes
1469688448130953232,Yes
1459861500752023555,Yes
1426529735329337350,No
1379753959984930818,No
1373228536069292032,No
1446193502694617090,Yes
1432021964634349572,No
1456615542706642945,Yes
1407408016656326659,No
1434779454832889860,No
1366451497928716288,No
1457424898083770371,Yes
1444397465646641155,Yes
1421376979258023939,Yes
1460321194985627660,Yes
1423409424820019204,No
1453015978531491853,Yes
1403654809174093825,Yes
1392715111786323969,Yes
1416826336606363662,Yes
1435692328078004226,Yes
1441552194638073856,No
1467934177421139980,No
1447840009277558785,Yes
1427904777535508480,No
1459245203999633413,Yes
1425866267823575043,Yes
1402637010557341707,No
1386087551535046658,No
1371929795836182528,No
1453481432714825731,Yes
1362746856288190474,Yes
1473378186771767303,Yes
1453015437931909121,Yes
1408124808127299587,No
1402266746590052352,No
1368243698455166980,No
1436734330001412106,Yes
1472344833910001665,Yes
1345240456309972992,Yes
1450161192996069381,Yes
1468176338951589893,Yes
1362884887888461825,Yes
1415788789704888320,No
1409160721494052871,Yes
1363598793648791562,No
1456681474103644173,Yes
1474433220297035782,Yes
1412121593531281408,No
1401250712944877579,Yes
1444526866094821378,No
1347780968061534210,Yes
1378407367776305159,No
1473790492555022337,Yes
1360147418747187200,No
1424672323056046084,No
1393705172237422592,No
1424167904266829828,Yes
1423607829991149568,No
1447476854525464582,Yes
1403307759450329088,No
1385292006574985221,No
1439511179471335426,Yes
1372884028102152192,No
1358446853721849859,No
1427659302735646726,Yes
1471171541522173958,Yes
1445697849388265478,Yes
1473597268016181256,Yes
1391520353822945282,No
1435729288532201476,No
1425402999548092420,Yes
1450202413466537997,Yes
1400008451972022273,No
1422597880586571776,Yes
1382975743307698180,No
1457445637767712772,Yes
1371755818614411273,No
1434462981249814531,Yes
1455814718367670274,Yes
1450491329339924484,Yes
1450180669355827201,Yes
1367080573492166657,No
1426267728063746051,No
1459940698325757962,Yes
1426241234306224128,Yes
1371029356785598469,Yes
1452499932485722118,No
1453437764410691584,Yes
1446944057993924608,No
1470091976146132992,Yes
1423001793005563904,No
1458193245377335300,Yes
1455457591157477377,Yes
1370817349377474561,Yes
1418355579165286407,No
1453332155162058756,Yes
1375817806151843849,No
1350076378541125634,No
1360964785853132802,No
1438845631251030020,No
1407023269786574852,No
1438801897666842626,No
1448362182241046533,Yes
1415763040465833984,No
1447282440440094730,Yes
1392836638418612225,No
1399517326240845826,No
1379348557426216961,Yes
1363822439822671872,No
1421440393590214656,Yes
1360954834837463046,No
1442192958543974408,Yes
1426560660339580931,Yes
1425426662737563652,No
1453036985808003107,Yes
1454509946997985296,No
1471465563767689224,Yes
1404508517365653507,No
1427933438829596672,Yes
1358462784095342601,No
1364587503940952064,No
1399407789064216584,Yes
1469336590870888449,Yes
1417550585113595907,Yes
1460352971519238162,Yes
1391861591059189760,No
1414150237862744065,No
1399355879900725248,No
1388129922133241857,No
1426247792150908928,No
1417973974689005570,Yes
1471186100785975300,Yes
1438513949448683536,No
1449365424253149187,No
1421947725659127809,Yes
1371935202273071108,No
1391677259799482370,No
1447993898912129032,Yes
1365000542636830722,No
1449043170562543616,No
1442547311930970119,Yes
1441412734617325568,Yes
1442513343168847877,No
1471916662597332998,Yes
1441844991299575808,Yes
1426253886189363209,Yes
1396740868938293254,Yes
1418090356839788551,No
1460290249913950208,Yes
1458507143930388480,Yes
1383082061758660609,No
1366307918094749698,Yes
1460315175559512073,Yes
1452720068366901262,Yes
1364356374717726721,No
1348017114104422409,No
1408338534755352576,Yes
1447951138507087873,Yes
1420365582751444993,Yes
1417240810421202945,Yes
1470354807877775360,Yes
1421964686329880579,Yes
1353137556083400704,No
1399747368304664576,No
1350031163532992512,No
1450382787912114177,No
1448012639129554949,Yes
1440391479738781705,No
1413575394675109892,No
1426286079850733568,No
1467954235060981768,Yes
1452686990902714376,Yes
1441444227800518658,No
1362327637671165953,No
1451571236123914247,Yes
1432071062322253824,No
1359931944335781893,Yes
1421162890606874628,No
1366557183475929088,No
1455660767374626821,Yes
1355263758671769604,No
1352165568909074438,No
1354566257631240200,No
1374306423941783553,No
1386746296325771266,No
1393188272055234560,No
1354573764198072339,No
1429421877999685637,No
1345115575127838721,No
1407660968008691714,Yes
1360696984978530305,No
1448977957125599238,Yes
1433094163776610307,No
1355589074757836803,No
1470356041607036934,Yes
1358160566448226306,No
1471162564939759621,Yes
1451992243275980804,Yes
1434617299697377282,No
1420499789918134285,Yes
1357468919842418691,No
1408901535757635585,Yes
1399675778221056001,No
1450398253040783360,Yes
1416151589010685956,Yes
1426273882097471490,Yes
1407087691351609346,No
1388348038125527041,No
1351234131833876481,No
1454892295539634178,No
1421589725543030794,Yes
1435329257090293765,No
1427563936199630855,Yes
1424436040580935684,Yes
1347697905335988226,No
1373740864850124800,No
1395715513020465158,No
1411566022298112000,No
1439630035116244994,Yes
1474360643050512391,Yes
1429820483634073601,Yes
1436834760236670979,Yes
1452633363232272397,Yes
1468553371074404354,Yes
1453709787816939525,Yes
1426832790608400385,No
1445816385494454274,Yes
1405979940877701125,No
1435927355491500035,Yes
1432461190882529284,No
1440347702521257989,No
1404796099408404494,No
1448583273240842241,Yes
1385884748988526595,No
1438933903839010817,Yes
1405493558036082690,Yes
1423247022396739584,Yes
1422025697250484231,Yes
1353003036352933889,Yes
1448398065031860247,Yes
1441833056998809601,No
1423911670502592514,No
1397549912032698370,Yes
1458886192863264773,Yes
1408121802467971077,No
1413045048816533504,No
1455553770247626757,Yes
1379528797989580800,No
1451276296835805185,Yes
1447554860644278277,No
1425831921846607875,No
1437413481481973763,Yes
1366459494801227776,No
1452149989111746560,No
1357747108745539589,No
1371546512350711815,No
1392934487726727174,No
1362311908620070914,No
1472826868403511297,Yes
1435712355581763585,Yes
1363513055376719874,Yes
1383414256939331591,No
1365436719219281921,No
1359101160125308936,No
1377017423661051905,No
1422822541819842564,Yes
1427299181702619137,Yes
1454446439778689025,No
1436594582188347394,Yes
1357573553047162882,No
1425007887097778176,No
1392941775355105282,Yes
1429773874087055362,Yes
1415411069569413122,No
1348542818927718401,Yes
1441402836730798083,Yes
1408404780423200769,No
1362489060074409985,No
1445412139720658949,Yes
1436700517783281666,No
1424045347312132096,Yes
1424754322966028296,No
1347151962568060928,No
1416344714408775681,Yes
1393895246317109252,Yes
1447965368090234887,No
1429842102343639047,Yes
1426217101447110661,Yes
1376477637690933251,No
1445099380097404929,Yes
1429773375602311175,No
1468667259023409159,Yes
1399672689556692995,No
1429070321903194113,Yes
1452730042199511046,Yes
1389619014163443717,No
1402953680895156229,No
1467448909391974405,Yes
1458157915676807171,No
1423613094761279488,Yes
1363203827776765953,No
1438573998372270083,Yes
1399713996740177928,No
1441870483646033921,No
1443257746724466688,No
1436609873433739267,Yes
1448364747422851077,Yes
1359813464076681219,No
1399772510183464965,Yes
1422495461026435080,Yes
1394809021618704390,No
1407375283905257480,No
1373545183355281408,No
1424680508659744772,No
1379849624077361160,No
1444691261672337408,No
1451465875459088384,Yes
1458140044330291202,Yes
1364631129328934925,Yes
1429783651634622467,No
1446363499408601098,No
1360663082444468230,No
1427340758584004613,No
1418119667177213959,No
1420300411609681920,No
1448080858238304257,Yes
1447923789979951113,Yes
1420819258813075456,Yes
1429007324547624971,No
1420742140573876265,Yes
1422535358370230276,No
1453064250528837636,Yes
1428709091053015049,Yes
1452302984084398080,Yes
1443294278684401672,No
1459269941421654021,Yes
1466846674819690496,Yes
1422620730483777540,Yes
1387833600012341252,No
1363964515168247809,Yes
1347973086088491010,Yes
1423041574460604424,No
1445487793979883528,No
1418179909768335368,Yes
1426234019834998790,Yes
1467150502110580738,Yes
1373649854300323843,No
1433755436067459076,No
1403002928751730689,No
1415801745230401548,No
1455936227291578377,No
1416858528892047360,No
1466712969425866759,No
1380010328013082625,No
1353773337911169026,Yes
1423317393435148288,Yes
1438591474615062529,Yes
1457611238637195264,No
1435331491349757953,Yes
1389465394851762177,No
1441490679159476224,Yes
1460171008808210438,Yes
1442354265587060739,No
1425926450130132994,No
1458504065772445699,Yes
1354210083211784192,No
1403321638796640256,No
1437633628419284995,Yes
1449798828404662273,No
1355675340664954883,No
1446161636180570115,No
1441080784245379074,No
1412697886714892288,Yes
1449072336553000961,Yes
1359059220436561921,Yes
1352741315574960128,No
1448018666881171461,No
1442158891731615755,Yes
1457249284928294914,No
1351848702252642304,No
1446819667943755781,No
1378504644591300611,Yes
1370037590104141835,No
1411425735424753664,No
1469782293493563400,Yes
1396117443538477059,No
1452370734706216972,Yes
1452938678414753792,Yes
1364628527996370944,Yes
1437594700010213376,Yes
1414184086319546372,No
1359509247864758273,No
1373768515799248898,No
1428499936451117056,Yes
1395498739649945601,Yes
1449470505812168706,No
1435666405437972486,No
1434953247110930432,Yes
1376219770207473667,No
1358011304187953152,Yes
1406544972757749764,No
1391729827015704580,No
1467119836857876485,Yes
1466792933470916617,Yes
1346917821406711814,No
1438761391989694466,Yes
1424098325893165061,Yes
1373331832113135622,No
1451146901651345422,Yes
1433056476701073410,No
1435291937544704002,No
1446144095315968002,Yes
1426870149471162370,Yes
1413197489964998657,No
1469400122370969604,Yes
1411915257258315776,No
1450388087310327808,Yes
1386427160567549954,No
1451100012641914880,No
1427732010177531910,Yes
1385662553196535821,No
1352361908872097793,No
1378072583883603975,No
1438954307739701254,Yes
1416386924500115456,Yes
1447205236888596484,No
1445851224708890625,Yes
1459392749925502981,Yes
1429049236017061890,Yes
1353756742304337920,No
1445330621895675908,Yes
1384169780706381832,Yes
1427256271699316741,Yes
1442903846024450048,No
1444403390109343760,Yes
1417981523601600518,No
1448325101993308165,Yes
1447868445173899264,Yes
1428783279944224770,No
1399767833555443714,Yes
1466807289143349260,Yes
1413883255321989127,No
1398761683758223360,No
1367224243067486210,No
1421603334755135491,Yes
1398748138689777673,No
1434951293810978817,No
1441147313871806465,No
1429763919007133696,No
1356356498989969408,No
1418218461763801097,No
1471184915047895044,Yes
1393977588087930886,No
1389867980490694656,No
1427370250794905604,No
1366668079619600386,No
1470416013254668291,Yes
1397209138254471172,Yes
1433888933759356940,Yes
1452753209299279880,No
1368315403005485058,No
1414987746834255873,No
1468959764373590025,Yes
1435214232195321856,No
1446774827071725572,Yes
1436753880344367106,No
1384107477260595204,Yes
1399589867554803712,No
1389863863768731651,No
1459190464201035784,Yes
1418593959920680967,No
1469354000734633987,Yes
1458704385882697729,Yes
1473181855390347267,Yes
1387864066618798091,No
1375111039096909827,No
1424328068924153856,Yes
1360839167689822209,Yes
1454374098491092993,Yes
1471357719680626692,Yes
1407083416944889859,No
1455892319413182468,No
1446924398078930947,Yes
1383854485231992844,No
1458865305430761479,Yes
1423701539659603972,No
1437375824643207174,Yes
1468347685413531651,Yes
1376670507735597063,Yes
1347260041401921543,No
1405977066097582089,No
1409298845805199365,No
1417757144565354500,Yes
1471264627640131588,No
1404882127934656512,No
1452568694949879809,Yes
1448987280740438016,Yes
1372900327574413320,Yes
1365629559471751168,No
1368968366808047620,No
1361705774238601219,No
1449775923302125576,No
1391118681258827776,Yes
1374466936625532942,No
1457411287026212867,Yes
1382791143172272131,No
1373324852807995394,No
1357683008891928576,Yes
1426208375277248516,Yes
1399074509244751876,No
1424729334112260097,No
1434578793658732547,Yes
1428999764373344256,Yes
1419460870539730950,No
1416471635184394243,No
1427504458867650577,Yes
1469996383377805312,Yes
1457405497519316996,No
1412190732442607617,No
1450778380815802370,No
1420784412120125446,Yes
1447520093806673923,Yes
1432710322457124877,No
1451810686267531270,No
1409415491064639488,No
1451335991994851329,Yes
1436730877845835780,No
1473400588843032588,Yes
1444690007172780032,No
1421073771939733508,Yes
1389322299023704070,No
1389205429792788487,Yes
1371535032960045057,No
1369649239920414722,No
1421912664809295880,No
1360154614482534400,No
1467188950582411269,No
1436346700721971236,Yes
1469632046209327109,No
1391880679353458688,No
1415751050171228161,No
1414659171769798666,No
1422200409133813765,No
1444379898185977857,Yes
1357840258809921536,No
1450050078958309377,No
1467947065305145359,Yes
1417159331259293699,Yes
1436370160731017219,No
1434859387164798978,Yes
1405903159541878787,Yes
1352298011620220929,No
1395852316964700165,No
1350882914674872322,No
1366338148943482881,No
1473728484732289037,Yes
1367925340711092229,No
1438590418774601744,Yes
1440063789236318208,Yes
1409780820408246275,No
1460211674523258882,Yes
1389374520620892163,Yes
1386337382757187585,No
1345761265575227394,No
1411356031553347585,No
1396900191677132813,No
1368873388039499776,No
1437482087246880770,Yes
1426287982894632964,Yes
1467053068500013056,No
1359122375749599232,No
1458834233762500610,Yes
1433151459240067082,No
1394058756259028993,No
1454844553433858052,No
1467891046025768967,Yes
1451582766945083397,Yes
1451489680734687249,No
1447884201588576256,Yes
1471162349214179333,Yes
1423620702620553220,Yes
1402369400112562180,Yes
1418662209849368578,Yes
1434245465000878086,No
1356362466658234378,No
1473706493342064641,Yes
1417852172562280457,Yes
1402326861489881088,No
1420506104111505411,No
1372264919895269383,No
1441722535159152642,Yes
1455549855330361344,Yes
1420480908344365066,Yes
1448536755586617348,No
1380226663473102848,No
1404798256970977287,No
1471843620856778753,Yes
1448321558871777298,No
1349642705949904898,Yes
1443374236383518722,No
1390061666323337223,No
1408220970511372297,No
1459195006854516737,Yes
1456582625603297284,Yes
1434470085247262722,Yes
1416098849664475143,Yes
1414549360717750272,No
1374264895731081216,No
1418144180275236865,Yes
1421890296850288641,Yes
1455951685122207748,Yes
1375080206784987137,No
1435351084642578438,Yes
1369533228420378624,No
1373344500165308422,No
1468258849224368132,Yes
1456640057830477824,Yes
1350501020770717701,No
1436057027978174469,Yes
1392549959820529666,No
1428100488529170434,Yes
1391537834406858753,No
1432605723658113030,No
1433769601477844999,Yes
1361620710796492805,No
1387143339238121473,Yes
1449634150844145671,Yes
1416134473310212097,No
1442166248276590596,No
1439006645363879939,Yes
1436711004398882821,No
1467947557385027585,Yes
1444582123227209732,Yes
1428086828846944262,Yes
1421082329389445125,Yes
1377624926216159235,No
1441817620584480769,Yes
1453472839877775373,No
1425152788120621070,No
1441158928289525764,Yes
1426128534641201158,No
1392899734591918080,No
1439597737050361856,No
1366448194922684425,No
1453216487389417474,No
1412410403640987648,No
1380612820077842433,No
1446063249124958217,Yes
1446473308900319238,Yes
1380572859672752131,No
1458510228601905159,Yes
1458825986594807818,Yes
1396901385388560391,No
1388069081270652930,No
1366380382258688003,No
1370644747895902208,No
1448756298900725762,No
1395364847408140294,No
1444179492411482112,No
1455846598563483651,Yes
1438568877797953537,No
1353994722058985473,No
1436445582969683968,No
1416101784603480076,Yes
1455947454164213761,Yes
1450483418899238914,No
1453481305413402627,No
1459109972097253376,No
1421240396286418949,Yes
1360148918198300673,No
1371125740616437760,No
1395002583681486850,No
1444429962820345861,No
1440742525061373963,Yes
1418571046207246338,Yes
1441144770026299394,No
1380420199992717313,No
1404062485863297024,No
1371887416156512275,No
1436440756240138240,Yes
1456296921014980616,Yes
1374940942885617665,No
1420824313809313792,No
1466747230031912964,No
1436298194850304001,Yes
1470348838393327621,Yes
1367803788103458817,No
1429801536469745676,Yes
1360996053114216450,Yes
1392847901345427460,No
1473674229988184067,Yes
1468629270499049485,Yes
1444022160276828161,No
1439293686370680833,Yes
1421836367349391361,Yes
1424450762894192640,Yes
1367480207196758019,No
1425124117322272771,No
1358363952032477185,No
1428804285035319298,No
1427207237513236485,No
1436329841964589058,Yes
1370064517519015940,No
1387499618905231367,No
1440323737589403656,Yes
1429764643656978438,Yes
1368885212646694912,No
1435325649259012097,No
1453124853263970309,Yes
1378385244097765378,No
1347920949627084802,No
1369992299183214592,No
1429018227208818695,Yes
1436463135712501762,No
1373222589380841477,Yes
1453420331641851910,No
1455786024672632832,Yes
1468949176700571648,Yes
1445312664167649287,No
1348254491993399297,No
1384269004517167107,No
1474155557141553152,Yes
1408836369703739398,No
1446932954270343168,Yes
1426023143185993731,Yes
1419376042028982276,No
1376603998233489413,No
1360876035219353602,No
1349636018539028480,No
1442491581580431365,No
1441894598419177475,No
1428534849799868427,Yes
1408128893375111174,Yes
1354966215169609728,No
1442161638216404994,Yes
1416114792138432516,Yes
1345712523572617216,Yes
1450599628831920129,No
1350025299442995201,Yes
1419025534579785730,Yes
1468708952091340805,Yes
1406358443238334467,Yes
1430429319856279552,No
1469712797223342095,Yes
1468647240193527815,Yes
1445073830326714381,Yes
1440029195891924999,No
1427009097757609989,Yes
1470798210209701892,Yes
1430664501637132296,No
1420731897748107266,No
1416835407237505024,Yes
1440447346450386951,Yes
1433958486191349763,Yes
1407033157019484167,No
1416485036191256583,No
1457768202440777729,Yes
1424982601295671318,No
1423227417603215360,No
1453342368535560197,Yes
1391479249652097026,No
1473309108270948354,Yes
1350766616263487489,No
1445987207412658178,Yes
1440553510785847310,Yes
1437888375764230150,Yes
1445009937332154370,No
1371783749315219456,Yes
1456894179171348485,Yes
1400792548587839488,No
1473383285883604994,No
1449489698120945665,No
1441629013567492099,No
1386114338449092608,No
1393636815559610368,Yes
1467434469841797121,Yes
1440982081610428423,Yes
1448667063199752206,Yes
1423888775592173570,Yes
1421458748648919047,Yes
1434742025698566145,No
1368875946552532996,Yes
1448236359991312385,No
1422561158075146251,Yes
1417601708398718978,No
1451518732338143260,Yes
1389572844951154689,No
1448252249688395778,No
1430119483268608006,No
1393868287008808960,No
1361652408003223552,Yes
1455965587851694088,Yes
1450880362545131522,Yes
1415978836563578884,No
1442114869092880384,Yes
1372123727006212097,No
1420361903289819136,Yes
1449650139895934977,No
1448607510659846146,Yes
1377368401362911234,No
1350079054922338313,No
1452723982961201157,No
1438755277554208769,No
1359914457464410116,No
1472993400572030982,Yes
1450107794108076034,No
1457396082103791626,Yes
1418950989550342146,No
1473989317550907394,Yes
1400216170242920451,Yes
1433863754383515651,Yes
1355906815507132418,No
1412743853757677569,No
1434134664520798212,Yes
1459122189903478810,Yes
1471516760222359552,Yes
1408350551847407616,No
1368660542622216193,No
1459840119695941635,Yes
1433870444315254817,Yes
1426241500669689865,No
1388358138408030208,No
1471499207248728064,Yes
1394535880564617217,No
1380953815697006595,No
1428428283226513408,No
1473645810147598343,Yes
1451640616446738438,Yes
1346617349454106626,No
1425435320867250178,Yes
1442424874828537856,Yes
1437436239540592641,Yes
1424627047507320834,Yes
1370804641072619523,No
1378937697264402432,No
1422488506270732291,No
1448794736345722880,No
1427422609474560005,Yes
1357006270113406978,No
1453257979961163784,No
1428466229157769218,No
1457592092880953344,Yes
1459176695597084676,Yes
1357409624559869955,No
1400877981921316864,No
1387353885308764160,No
1437440786816192514,Yes
1457292729814237192,Yes
1458042595440041985,Yes
1393960272709267461,No
1412421058028789778,Yes
1456177348450177026,No
1425179502792126466,Yes
1386989154492469248,No
1453276315642122242,Yes
1406511701437059078,No
1365032217588678657,No
1414314874772017158,No
1435970553651814402,Yes
1424357856879464457,Yes
1441832935779414016,No
1435268006649769985,Yes
1441014677769699330,Yes
1441424068570386434,Yes
1403773808289460224,No
1421779202458755086,Yes
1428075060317786119,Yes
1457175632278966277,Yes
1436446798881726490,No
1425073721463685131,Yes
1459228760729964544,Yes
1425246021081309185,Yes
1423388139142385666,Yes
1421923912955449348,Yes
1407609850339729409,No
1438947286340485127,Yes
1472238741922136073,Yes
1401460303146201091,Yes
1344922514238173184,No
1457026707119030274,Yes
1447894654981132291,Yes
1436569622187290624,Yes
1438431962579054594,No
1442420727433637888,Yes
1428102002484076559,No
1444224545041309698,Yes
1388635793795780610,Yes
1383853679493599239,No
1351593512404463619,No
1419982203577110530,Yes
1431224000395587589,Yes
1458382505720127490,Yes
1399851416815013899,No
1366089357942284292,No
1402578581373571072,Yes
1442534262004240387,No
1392274480043528192,No
1448142457229561858,Yes
1438840006689296384,No
1428154180208844807,Yes
1437345700141019137,Yes
1446945658540339205,No
1454929120677318658,No
1412669368790622208,No
1446564724498370562,Yes
1473418195964944398,Yes
1468691844833939466,Yes
1359943598238818304,No
1356737590091726851,No
1439466878057975808,Yes
1445096963691659268,No
1452531239177629701,Yes
1371592258802311173,No
1471464916435484678,Yes
1427725322519252994,No
1427613188389064708,Yes
1446915219238838273,No
1448678641890693124,Yes
1350905234642628609,No
1459224391590547461,Yes
1430635867111100420,No
1396118365438189569,No
1415243453001261056,No
1423534313996537859,No
1409501605196664841,No
1442639191318405125,No
1347465930524262400,No
1472687427722653702,Yes
1345848593937264640,No
1353297832598507520,No
1403327824165949451,No
1353809102728781824,No
1469373339282165761,Yes
1437852408298807298,No
1396771606496698369,No
1442248727377416192,Yes
1419516649749860352,No
1395906277528719368,No
1371147894934360068,No
1370275321983987714,Yes
1446213992658112518,Yes
1362700299924832256,No
1413494407278469124,No
1374981232099004422,Yes
1376244074538229763,No
1473925679045566465,Yes
1459577146402299908,Yes
1445360719160020992,Yes
1357687506863587328,Yes
1420711598193262596,Yes
1347825167658057730,Yes
1472204288579538945,Yes
1366357630663331842,No
1380835983055273986,No
1403085652162396164,No
1423001829663809539,Yes
1390686401197264908,No
1436939588090699776,No
1419200213428973570,Yes
1427120871735443461,No
1425504529164947457,Yes
1470941759379288064,Yes
1419369223244107780,Yes
1376614223522922496,No
1429934634440269829,No
1457419025705848834,Yes
1397953786988146691,No
1378643683248123906,No
1422926334678945793,Yes
1413518968279625730,No
1398235128737026048,No
1445651846614294540,Yes
1378059897808547842,No
1473725851317551118,Yes
1365772672492335105,No
1457450975065690120,Yes
1459652505013477386,Yes
1468313175061938178,Yes
1416864190195712014,Yes
1456849706106212352,Yes
1442174336178298881,No
1447522457447981056,Yes
1435169369030529026,No
1439196824846405632,Yes
1420002437260324868,Yes
1422973417498845188,Yes
1450789164987949062,Yes
1471618019210182664,Yes
1450496510232248323,Yes
1448984076849922059,Yes
1435517858650460163,Yes
1439595198120669184,Yes
1372981333413261320,Yes
1352332535334899715,No
1470454457372717064,Yes
1419258626242453507,Yes
1390316718157963266,No
1434560452017762304,Yes
1437479783315738629,Yes
1474031198376714244,Yes
1451483430328340481,Yes
1419710137623883776,No
1391534843033444353,No
1471363078575042562,Yes
1387192452021428225,No
1438199823786774536,Yes
1459960807828168719,Yes
1445468608193175552,Yes
1362708858402144256,No
1419230213196718081,Yes
1436019386536579079,Yes
1421828314835169281,No
1392797014392455168,No
1365321792362074116,No
1451928011738058754,Yes
1423966759317647371,Yes
1447593300253421575,Yes
1420485652634914818,Yes
1446744806517002240,Yes
1446363531214008322,Yes
1399431186540269569,No
1422895170446635008,No
1374666753666654209,Yes
1383080622277689345,No
1441797578979303428,Yes
1458102057492156439,No
1376145664829227012,No
1347287769111015425,No
1409035612548632576,No
1435232593612615687,No
1453476111933902849,Yes
1469389261908721676,Yes
1458156076935811077,Yes
1408433154893942786,No
1420748823794655234,Yes
1434564848944357378,Yes
1377581281584762881,Yes
1443259550254108680,No
1429145681588072448,Yes
1408748811489624066,No
1360557668671385603,No
1468893713984376838,Yes
1450760093054775298,Yes
1424247351120642048,No
1350815449274060804,No
1460357681441562625,Yes
1375867202889453570,No
1441834304338857984,Yes
1421116884477427717,No
1441788076267814912,Yes
1416462945974894592,Yes
1447964486384689154,No
1419283717646954496,Yes
1364266791107760128,No
1460252586045550592,Yes
1447612132250603524,Yes
1455524331564503049,Yes
1394667400080019457,No
1436418061976973314,Yes
1470818648692609027,Yes
1448013224058789893,Yes
1450055372585177092,Yes
1406891713776472067,No
1394360395469557764,No
1376209306702512129,No
1439606062815064064,Yes
1446031362704781313,Yes
1365760339120422912,No
1346876723544121345,No
1439136529276866565,Yes
1470385138047537158,No
1422263830336479235,Yes
1388098727869571076,No
1350114140283613184,No
1473609196759302146,Yes
1473516186424217605,Yes
1409546129386008585,No
1401318342770794496,No
1422468999376482322,No
1422988021440389129,No
1363812516095090688,No
1455285244265959428,No
1449457096647380996,No
1357755536771604480,No
1471843191846580228,Yes
1397215361330782214,No
1426603200480747521,Yes
1358448756660781060,No
1391411533448634371,No
1417939152306380806,No
1469954811068100617,Yes
1376896599612342272,Yes
1438548668634832899,No
1426266018498895875,No
1373754236677320711,Yes
1451291281066536966,Yes
1386760952083795977,No
1358440657908547590,No
1372593466828599300,No
1447637101722415109,Yes
1458167821863632904,No
1472056776719749120,No
1466807094707998734,Yes
1454342989787115521,No
1421734704491999236,Yes
1472311910934761480,No
1473078485044371456,Yes
1433825916275372034,Yes
1444741628976111624,Yes
1444945673284210689,Yes
1439655044673114124,No
1355984732656435210,No
1353644133643132928,No
1467194281047871492,Yes
1441728089935990787,No
1458071732011651074,Yes
1366704453882101761,No
1378783872419258368,No
1417968643158253570,Yes
1370035523998334977,No
1354860057322811393,Yes
1429838667502268418,No
1449486581472038917,Yes
1420140805671489540,Yes
1424455082557550595,Yes
1442968740274970625,No
1470440109099077642,Yes
1423783020604055554,Yes
1361996689083613187,No
1449025250210029572,Yes
1399823418128846853,Yes
1386041903670497280,No
1428311889457651719,Yes
1448026922429161476,No
1425545890870276098,No
1413170304168382469,No
1429783557820588032,No
1448635211370086400,No
1392802424205844486,No
1366020672867233793,No
1455234171849297920,Yes
1424143264463065089,Yes
1371018868500664323,No
1412856912052424709,No
1425912473031520267,No
1407005589536923648,No
1358727336892456961,No
1435280848987693059,Yes
1416361796378710016,Yes
1393334792956088321,No
1419975665177305088,Yes
1398177833722298368,No
1366039557305729029,No
1391887073129422850,Yes
1403652789163761674,No
1445483788402708494,No
1367157644662886401,No
1469399906385375232,Yes
1466819673463341058,Yes
1346568778973388800,No
1457314287001735169,Yes
1371512141275103234,No
1449737975751921664,Yes
1422891531653074946,Yes
1472444604117131265,Yes
1472527144756600833,Yes
1452529024606121989,Yes
1470087598269939717,Yes
1428061119780990981,No
1416070328695107585,Yes
1365029356683350016,Yes
1474316398608498705,Yes
1414640503342125062,No
1425560133388603395,No
1398949672916508673,No
1422808196088045568,Yes
1421387879205556232,No
1393655592607272962,No
1378751374935068679,No
1369004327495495683,No
1460294245387022347,No
1469325807722151942,Yes
1471945041371357196,Yes
1449801327916236802,No
1388298420746702855,No
1436624497449263109,Yes
1448724765691219975,No
1473705437635747842,Yes
1356141294301577216,No
1425105743146012676,No
1459936520970944521,No
1382078287657193477,No
1360904306921267201,No
1379355340047802369,No
1375795936639717381,No
1418580131602370563,Yes
1429782206281564166,No
1439938852626567181,No
1458921834645184516,Yes
1365982663643975681,No
1422716317359083524,No
1472687105440628741,Yes
1379013197643022336,No
1404124778408120322,No
1350938210688507908,No
1403018568883650560,Yes
1405773120586141702,No
1352321855366049792,Yes
1366119559015649283,No
1451256919776190470,Yes
1471170554136772608,Yes
1351192847328940032,Yes
1437676106878959621,Yes
1350179800003055616,No
1357251066027380739,Yes
1409299592802230274,No
1375181737035186178,No
1441293057576488960,Yes
1380822878367670272,Yes
1354863402271830019,No
1394317191215001600,No
1437808705815334913,Yes
1471227832831561739,Yes
1455457035441561602,Yes
1393240765447516164,No
1439256127309484034,Yes
1357368079978795008,No
1427157357142872069,No
1423098981429678081,Yes
1423286437101727746,Yes
1453078513968422915,Yes
1378758387798839299,No
1428709938373795841,Yes
1471644087984050181,Yes
1417132379802591232,Yes
1420734326145179649,Yes
1455924850837577736,Yes
1390280372844433414,No
1427187197120241664,Yes
1405829534386114560,No
1455246727657795591,Yes
1425519998303354880,No
1352995927011831809,No
1422814805069545476,No
1381032830545883138,No
1448252196181745667,Yes
1361099140294402052,No
1448346379680718853,Yes
1427129780881739776,No
1373935896609820676,No
1473418922795978754,Yes
1425068544711081996,No
1434099908815040513,No
1438490468480954373,No
1384286427630866432,No
1468493306585915396,Yes
1467890854740348941,Yes
1387783302359158792,No
1360619969164288002,Yes
1471524604497870850,No
1473870584832532481,Yes
1445396572414648321,Yes
1472251509001891844,No
1471443105324965890,Yes
1441621830566023169,Yes
1429758852078129154,Yes
1438133310065160206,No
1398205443982467072,Yes
1421893330670166016,Yes
1453572533442199552,Yes
1377004756875509768,No
1473334264599093266,Yes
1450858673216147457,No
1445462711186251785,No
1450674956963090438,Yes
1423765721323032576,No
1415337970811482114,No
1376573816017719302,No
1436640692965679105,Yes
1419673331754848257,Yes
1469374374125916161,Yes
1430272788007378945,No
1423011358262562820,No
1433704112906981393,No
1403741982737014784,No
1361069532710924290,No
1389581728482828288,No
1424683272701874176,No
1412032207871426568,No
1381544159803277313,No
1431664164083228678,No
1469063538912251906,Yes
1454443704253657096,No
1448998478391169027,Yes
1371752550416941059,Yes
1396451529511641088,No
1466733966657048576,Yes
1445006269224562688,Yes
1419759015534469121,No
1436234988580655105,No
1448280680127995905,Yes
1389919549445885952,Yes
1446205725513035776,No
1433803841028362261,Yes
1348317245068505088,No
1433770387104583697,No
1438582205580722182,Yes
1428092745353244679,Yes
1452769672806424579,Yes
1452946247044771851,Yes
1451293995859054601,No
1360327304065523714,No
1416120927704821762,Yes
1401868840137592838,No
1365012794630881280,No
1448732348070125570,Yes
1451246081216589829,Yes
1445092048630173699,Yes
1472107961292050432,Yes
1472892029969604619,Yes
1457808512654905355,Yes
1473048964849143813,Yes
1459891069735391233,Yes
1435347635410452481,No
1417845478708875268,Yes
1381274041185632260,No
1448740984976814084,Yes
1352351014171643904,No
1437856111785353216,Yes
1374735580513374212,No
1359637026472091653,No
1432937852560715777,No
1458401586699460609,Yes
1371896427182485504,No
1420272144169279488,No
1469345869476544521,Yes
1439485677461200898,Yes
1419788397271474176,Yes
1455932444935344134,Yes
1471718186777202688,No
1409140444576034817,No
1450870590911434752,No
1374159785629736960,Yes
1381214139406635014,No
1436403839742119939,Yes
1395597963901247490,No
1421972086143258627,No
1436212614565175297,No
1368626997019242499,No
1425722238444179458,No
1437680176435957763,Yes
1439370129817706502,No
1420870873720963073,Yes
1450587053704556547,Yes
1426281397824724992,Yes
1442568586510225409,No
1369894172606554112,No
1364875360685481984,No
1437456490370113539,Yes
1368807141948198913,Yes
1424422621685354496,Yes
1468095867378876419,Yes
1440328658841792520,Yes
1444047619282571270,Yes
1347306026043924484,No
1391040547658272778,No
1383219101418491908,No
1393574045682180103,No
1425005406900871189,Yes
1425127060033482755,Yes
1416984772723806209,Yes
1446759137619103747,Yes
1408705513693515781,No
1373205330658783236,No
1419290470111404035,Yes
1417903713746882572,Yes
1373329084860747777,Yes
1438116411537252355,Yes
1437681888706142211,Yes
1360307198228795392,No
1421048897317785600,Yes
1429393625075654660,Yes
1371950807185231872,No
1426166449404526595,Yes
1417080875444015111,Yes
1437819103125909513,No
1448007795576606722,Yes
1425121846228307968,Yes
1372100858423476229,No
1403016181905244167,Yes
1420432898134618118,Yes
1425488511545843714,Yes
1452236445469511684,Yes
1427213692131753985,No
1388951659284516867,No
1458125246255570959,Yes
1468675974032199686,Yes
1425865069435318272,No
1366394687326740483,No
1422477175387693058,Yes
1444682030151872516,Yes
1449679690004930561,No
1345313144051277824,No
1381690071691182090,No
1452747702786301956,No
1447823095650258946,Yes
1430833293826699264,No
1437508453589790726,No
1386023592161423363,Yes
1437040958219169797,Yes
1436699674304462850,No
1424089832356204550,No
1467253155935182859,Yes
1355806265872674817,No
1394204026804256771,No
1431248260669317132,No
1394353366663303171,No
1449045937175896076,Yes
1412550884748410883,No
1402838800615841795,No
1409469027190255617,No
1407244074302722050,Yes
1446715527980888065,Yes
1422991124252303364,Yes
1416088073088212994,Yes
1473205355190624256,Yes
1468632207006777348,Yes
1427720224950915077,Yes
1429506317392224257,Yes
1373923050283020294,No
1444261015517110273,No
1419713426654380033,Yes
1426583738415304710,Yes
1351397932415791115,No
1428837725168455683,Yes
1450119201172168709,Yes
1388949426224472068,Yes
1442453522054746122,No
1364740436628234241,No
1394096140077895683,Yes
1444571682505740289,Yes
1417166022721822720,Yes
1395354991653707782,No
1435972413116780549,Yes
1449067087146668034,Yes
1383491301698461697,No
1425597179561979908,Yes
1413943152080310284,No
1438608460132855809,No
1467438918714933249,Yes
1415998962557935620,Yes
1468603939868262408,Yes
1444254744940138502,No
1367455910013075459,No
1447105546725756930,Yes
1425065817918554112,Yes
1363224221774716931,No
1390728762396979206,No
1451291067974881281,Yes
1417235675150176256,Yes
1450103855962857473,Yes
1428159530752385032,No
1415923665049464838,Yes
1426219123676221447,Yes
1449117062069166085,Yes
1469445401115869187,Yes
1472846805155069954,Yes
1452381933669863432,Yes
1352901476302155778,No
1456749600661024770,Yes
1357401885230182400,No
1350591907135713285,No
1434808040922963968,Yes
1406188755120181253,No
1432779322142740488,No
1363078999031885832,No
1355969128188829697,No
1472268262150975497,Yes
1359239274751811586,No
1470363260788649984,Yes
1373192273798778883,No
1393987803302834178,Yes
1421037766943576065,Yes
1425598093370736640,Yes
1430654740229144576,No
1409450475792044035,No
1387156427114942466,No
1397292975672156175,No
1442204251548176385,Yes
1425566613256953857,Yes
1346135886124244994,Yes
1446844986843148290,No
1389640566149947393,No
1447192929945243652,No
1389495059473702913,No
1468213300152475652,Yes
1441463501789204480,Yes
1450897140474126337,Yes
1472298490294321157,Yes
1381228309418217473,No
1426623521455841283,Yes
1434083010383695874,No
1435540610224640004,Yes
1394780773371232256,No
1376769711837437954,No
1420463136004526093,Yes
1349818670000857092,No
1392039977320468481,Yes
1443984104509382687,Yes
1432106863198445574,No
1439296675978285062,Yes
1427937926533500928,Yes
1417895136969826315,No
1439569867632431108,Yes
1427904532424675328,Yes
1423059676506337287,Yes
1373523591933874177,No
1370716367327002624,No
1344998495724310528,No
1406220073602371587,No
1452758716437180420,Yes
1445593438204796930,No
1417575820315578373,No
1439992547028447233,No
1430644268285243397,No
1376608529344303106,No
1445785560002424832,Yes
1448365040915070979,Yes
1355697656073314307,No
1400819570781429767,No
1471152163111976961,Yes
1449353070002032642,Yes
1469977944600817666,Yes
1435584908550934529,Yes
1473335330526932995,Yes
1419608239319232515,Yes
1373391092595429381,Yes
1360961427868123140,No
1427929020583272450,No
1374644767112454146,No
1447982388169039879,No
1418883324941066244,Yes
1394009400176746497,No
1457346577278898176,Yes
1473960149526228995,Yes
1453408123453120525,No
1403809476231282691,No
1402633421482979329,No
1455452709482639362,Yes
1347880254388506627,No
1362452212711055365,No
1383468887728017413,No
1395044220113666052,No
1371416282994774016,No
1371906301870112773,No
1377576032392380417,No
1456338070232608779,Yes
1418468040635731970,Yes
1450744057035120643,Yes
1359880897160482819,No
1348301684209037317,No
1416091261409366029,Yes
1457032390396760069,Yes
1454480053333635079,No
1404499284461068294,Yes
1380623410674434053,No
1368218318289711111,No
1423036894745698309,Yes
1392499565237055493,No
1450914833285648392,Yes
1424441600260911109,No
1382399745818263558,No
1431492085190959104,No
1457426047230746627,Yes
1376906627366928384,No
1473282577733664768,Yes
1456643259170758676,Yes
1379024987005272070,No
1448759552850251778,No
1421506986663944192,No
1429759704679559168,No
1445538307237036033,No
1451491560974061606,Yes
1449744684746780673,Yes
1429378447495806977,No
1381896819823808513,No
1467143817153372163,Yes
1416498008154419208,Yes
1455199864967548931,Yes
1363569477166788610,No
1387051142538928135,No
1446546309473841156,Yes
1426113840312356864,Yes
1447997816496922624,No
1396548206532702210,No
1390289486232395782,No
1442132946803118082,No
1418079336435965953,No
1406557536367562752,No
1426182995841626113,Yes
1456593567774822403,Yes
1422657985470414854,No
1346489567461978113,No
1467108010904506380,Yes
1352967663266500608,No
1445857665289052161,Yes
1391142251162656772,No
1382046453292470276,No
1349809012188049410,No
1447078627674361859,No
1443186663316987908,Yes
1361655892211597312,No
1423278786229923845,Yes
1380964466720968708,No
1371180990907957249,No
1467895117369548802,Yes
1438850440012181512,No
1425452863321518085,Yes
1388051313326530561,No
1349596878132936704,No
1367234543435067398,No
1458494350103560202,Yes
1428698842287980545,Yes
1428830363007258625,Yes
1466823568910651396,Yes
1423238628726263809,Yes
1353625701744783365,No
1423257607553355776,Yes
1453448674407821318,Yes
1425472165915279362,No
1373294799353155585,No
1438061466695970819,No
1360690276604522502,Yes
1354422486981554176,No
1455567197506576389,Yes
1469449057613631488,Yes
1473299451271913474,Yes
1361561530425167872,No
1346095898489724928,No
1352867055758934016,No
1424739279855661063,Yes
1436000034454220800,Yes
1434499753245618181,Yes
1401883634269929474,No
1466821381367156746,Yes
1355750594032541698,No
1438620964607102980,No
1455239713342824458,Yes
1471159894258638852,Yes
1349506723242008582,Yes
1431308741698281479,No
1425060363284979729,No
1445397873470881800,Yes
1360864452220960768,No
1392217833451491328,No
1403283859022692352,No
1430586530758897678,No
1436291599592423430,No
1422119383254581249,Yes
1468159644082257921,No
1444715480418299912,No
1434941761416310789,No
1449415182179094533,Yes
1425537347073019914,No
1450853497117847555,Yes
1358125940379963393,Yes
1407035444592889856,No
1470467744055316481,Yes
1435353020469059591,No
1388017986259329027,No
1364650762861740035,Yes
1473677395718778886,No
1445451378902462467,Yes
1434506433085718537,Yes
1468874978011533315,Yes
1458140696867528710,Yes
1355786072836481028,No
1452678023208226825,Yes
1400504467007709197,No
1450496484860911621,Yes
1450507218789539850,Yes
1440678088291991559,Yes
1436710767651328000,Yes
1426585751727362051,Yes
1382208131556470787,No
1459475283397038085,Yes
1421902303116804103,Yes
1460302619264667649,Yes
1424634415448264707,No
1353353925936762880,No
1459784932973232128,Yes
1380799802548621314,No
1422078673545482240,Yes
1471907544788578306,Yes
1420779799757398026,Yes
1444387148053073922,Yes
1449304651271127040,Yes
1448227743414489088,No
1422107492331495428,No
1445728204765884424,Yes
1472958270390382592,Yes
1416128113906438152,No
1446827578485002246,Yes
1416518440878231560,No
1439150898505261061,Yes
1395720742084481028,Yes
1437125237641031683,Yes
1409084459417280514,No
1355682560324460551,No
1421046024328581121,Yes
1470388563695046664,Yes
1426622054082744325,Yes
1345701456465121282,No
1425754563798241281,No
1441520417148002312,Yes
1353004408720797697,No
1419144099551141890,Yes
1409523229769617408,Yes
1429502395004903424,Yes
1428027139228672013,No
1460353535808348160,Yes
1372803446269612032,No
1376989828483592196,No
1420364673011040256,No
1438931706082430978,Yes
1459924648636911619,No
1444013732854747138,Yes
1425848754683490309,Yes
1457092203076067332,Yes
1398780959558864902,No
1445663707745292290,Yes
1436674759534817283,Yes
1470457364407066629,Yes
1377145229988352001,No
1448374967897370629,No
1429462654008107012,No
1444374179927707654,No
1418883261640683530,No
1378386988915699719,No
1417168860399144961,No
1454538630991593487,No
1363549780278845443,No
1416049561332813824,Yes
1442549547947888641,Yes
1425737063878508544,No
1434429731190026240,No
1458172038280065037,No
1418975777329135631,Yes
1375875041615822856,No
1427275038856777728,No
1440733393948315648,Yes
1434367851503181830,Yes
1445087206494941195,No
1458843862122774543,Yes
1408873757733789698,No
1447586563316060160,Yes
1396573375712178176,No
1459227576371716102,Yes
1417351875083522073,Yes
1418650925691019269,No
1373022071450664962,No
1395115802232336392,No
1431712490858192900,No
1439693436924399624,Yes
1437546974832734212,Yes
1426252701030027264,Yes
1408369672425152512,No
1425828708166815744,No
1404715351913504768,No
1450843284742492165,No
1433090211068715008,No
1368597484629491715,No
1469233137058295808,Yes
1393301800116236289,No
1360201654860144643,No
1356051153264361473,No
1364714908437381123,No
1437491689351008259,No
1459978544407367690,No
1403089938736992257,No
1445043110208286728,Yes
1350845347107520517,No
1459880327942393858,Yes
1359860306042904583,No
1413082790028103684,No
1449712745167867905,No
1471180536672657415,Yes
1437264649309892613,Yes
1400743374995476480,No
1446950891244883974,Yes
1366443672192102409,No
1397241631930212365,No
1472265119472263172,Yes
1390449495582945287,No
1442029905110355970,Yes
1456728609364774918,Yes
1422375598224285697,Yes
1386653216750940162,No
1456650161829130243,Yes
1384516489429065732,No
1386343848264310790,No
1472265564336930816,Yes
1358117188985585664,No
1466940074076127237,Yes
1441534356670058498,No
1469290162723110913,Yes
1427918947639336964,Yes
1436975875438882817,Yes
1394729545845067776,No
1421528022100889600,Yes
1416120517199806464,Yes
1354148122864345088,No
1421324452743286784,Yes
1420776590183632896,No
1361832927924023306,No
1435915912725647362,Yes
1367578431093956612,No
1428069857417965569,Yes
1426634354399326219,No
1451618841314856969,No
1451504040278433792,Yes
1392369838362857472,No
1366420714258112519,No
1471943888990519304,Yes
1468434888059764737,Yes
1474040915748700168,Yes
1353431550352711680,No
1436782507597385730,Yes
1450850889925857296,Yes
1438062238443655169,No
1400792457126809601,Yes
1355496518191611909,No
1400434818077315075,No
1436914701062090755,Yes
1379148766792531978,No
1460268063870402560,Yes
1448364905560686597,Yes
1422113391607488513,No
1382028779338498051,No
1445430543840157701,No
1418926317014237191,No
1404119543891562498,No
1469527046569213957,Yes
1452707299366158344,Yes
1394556451511746563,No
1362059057960484865,No
1448971438946459655,No
1355167475474849793,No
1419538881884659714,No
1445024715119087618,No
1372432526376112130,Yes
1434186959891492870,No
1445717081459027979,No
1379790795633491968,No
1439874930221400066,No
1470774805179867144,Yes
1377347628652879874,No
1447526454837788676,Yes
1358139881399140353,No
1379460477806391301,No
1424685308084375555,No
1456213126001594368,Yes
1408082037941190657,No
1390076200001937411,Yes
1408835528317886466,No
1428500156874469388,No
1413944297557307397,No
1467221632334901253,Yes
1387435142818451456,No
1470076622053257228,No
1453400004643725323,Yes
1387120097756598274,No
1383407914749075457,No
1450149236801146888,Yes
1429529968522973186,Yes
1420965468320501778,Yes
1383750812095062023,No
1442199595950424067,No
1369335885129515010,Yes
1473664057358041088,No
1374374906863886352,No
1359654986087620608,No
1441001951341260801,Yes
1417537839617781771,Yes
1454905036975259652,No
1367050923516788737,No
1414074213607038976,Yes
1369261267651821570,No
1451267381276418051,Yes
1403790145065783306,No
1429462530297143298,No
1355878156264210433,No
1371761111394091008,Yes
1452366252031291394,No
1438859199400890369,No
1429158267075371012,Yes
1396815121985544193,No
1450476334745018379,No
1429729357652795398,No
1425536437349400585,No
1448975135055167495,Yes
1422977415937150978,Yes
1444625609502740485,Yes
1440664741995638798,No
1423740542077349890,Yes
1445271034421252097,No
1419310647674904576,Yes
1445490633536258061,No
1392601932703936530,No
1449466699359539203,Yes
1367713404635463690,No
1424012829129064450,No
1428609859050684420,Yes
1357320015347916801,No
1367170617208954884,No
1466827636819300359,Yes
1453386635370958864,Yes
1421033491978981378,Yes
1437871486199554059,No
1473361251006828553,Yes
1447640775983046663,Yes
1446193483522445316,No
1472456911018725380,Yes
1449698111807447043,No
1408526688703725584,Yes
1470815161342701575,Yes
1422080869238517762,Yes
1438929023233581059,Yes
1429056726519664641,Yes
1386029080022298625,Yes
1448574157730500613,No
1424495567489601541,Yes
1443889134184042498,No
1416812144071487488,No
1437447664279433217,Yes
1402592600826253315,No
1404509088218857477,No
1434763532025876483,No
1470098359377608707,Yes
1429470771144011780,Yes
1396549962247311363,No
1420728220740161539,Yes
1396133779933122560,No
1420322417818456065,No
1454500555511017482,No
1373296690120261633,Yes
1423381583059460102,No
1458337075418341377,Yes
1442073820613931011,No
1457661767040094214,Yes
1444043361648791553,No
1394529616346468352,No
1421169310987345920,No
1388599195578290190,No
1440745415649886208,Yes
1456238840583266304,Yes
1363492955856764928,No
1411784467119738882,No
1427938867353620483,Yes
1427700378192302086,No
1422199935215230982,No
1366472782331195392,Yes
1427980989645602816,Yes
1437885682354118660,Yes
1417089655581851651,No
1435223025553747982,No
1426830647457460226,Yes
1437522350501728272,Yes
1419746687304667154,Yes
1457040486099791876,No
1424678866535260160,Yes
1393525629174288384,No
1469647224212754433,Yes
1355255817994461186,No
1456117823948869634,Yes
1437424173048074247,Yes
1448743621335961607,Yes
1385949420101980169,No
1354171811454464001,No
1430570767746469888,No
1447948202079031306,No
1440015531663310852,No
1425898651147280384,No
1346933514810372097,Yes
1447472800357289984,No
1474327585412857865,Yes
1443995651721908230,Yes
1442829985174196225,No
1423608355311038466,No
1459922747837100044,No
1432302718320844804,No
1411822511562559488,No
1444964968537919488,No
1471489827656790022,Yes
1408840176449867777,No
1457942123458740233,Yes
1417842203200733187,Yes
1393191270139498503,No
1471569674613805062,Yes
1402708060800487424,No
1445822393755242496,No
1361093096314970113,No
1449015547501363203,No
1348348382310330368,Yes
1472210615552909318,Yes
1446484855106248721,No
1380972881753047041,No
1388529784037253121,No
1447893146801561600,No
1450587584447537152,Yes
1376893073444249609,No
1457795997409574918,Yes
1471539789224722444,Yes
1429864349347233793,Yes
1422486671224983552,No
1433139742862946307,No
1392260684956717056,No
1458888307241332740,Yes
1371905349737922561,No
1438951506791833600,No
1471568664524636173,Yes
1435144801586974721,Yes
1420692956160397314,No
1459502231657631744,Yes
1438145021275000840,Yes
1363227973579603974,No
1345774275463172097,No
1433832900315725824,Yes
1427281624320954374,Yes
1362882360828702727,No
1350906979905110017,No
1450054331202510850,Yes
1396879499086770176,No
1445322052009926657,Yes
1387921204762267651,No
1422945339758288899,No
1466789794965512200,Yes
1469624917805211650,Yes
1445067742646874112,Yes
1460294899639668746,Yes
1441434100234178561,Yes
1426506329770938371,Yes
1456743879701671945,Yes
1450171815003885569,Yes
1460028438178267140,Yes
1397405019775832072,No
1375136136138473478,No
1474024501516009473,No
1447928406637793290,Yes
1459434992078135298,Yes
1468667035513147395,Yes
1390648696065437697,No
1420455083683233796,Yes
1366137078644408324,No
1456323050455060483,Yes
1468652098002853893,Yes
1424479342533414912,Yes
1421531532737589250,Yes
1407375879462916097,No
1391347601761517570,No
1467107558431367171,Yes
1419371835779653635,Yes
1385683025602752514,No
1453579680963915781,No
1457340904570818560,Yes
1442235943390384133,No
1425812793723400199,Yes
1406322564767666176,No
1435574411164278787,Yes
1447669758665633795,Yes
1374496149101441033,No
1441710937472487425,Yes
1441129356277977105,Yes
1402993367428911110,No
1458796348761853959,Yes
1474081482104877056,Yes
1367072197873926146,No
1386077689044422657,No
1427038352415539207,Yes
1358198230052466688,No
1367815461702934531,No
1446029086086815746,No
1423976199433424896,No
1359599692976451587,No
1434121730155589632,Yes
1467820786169913353,Yes
1471173496680161285,Yes
1418641046452510722,Yes
1370468194985648129,No
1418556957351456769,Yes
1423109105686880257,Yes
1426977535120785413,Yes
1359257710844207105,No
1360895692672229376,Yes
1450053795107508224,Yes
1413129531741724678,Yes
1428195328596000786,Yes
1423190788410798080,Yes
1428043910564229126,No
1472188297036410883,Yes
1367381634757050369,No
1385919754200915969,No
1473005588904923143,Yes
1366479986052456464,No
1434509103183933446,Yes
1362053324338569219,No
1438727430290673666,No
1429769440070180874,No
1430861586521022469,No
1451945380078362627,No
1366265781701537796,Yes
1392462103823462400,No
1421028983240642562,No
1423342505978994694,Yes
1456694697741766661,Yes
1467247985834790916,Yes
1423055927293382851,Yes
1453399265833857027,Yes
1434404193805037568,No
1434156796525125636,Yes
1366450315986354176,No
1447914279378685960,No
1354358259612864513,Yes
1416638818929741824,Yes
1416498121576755201,No
1350251870741098497,No
1440101741958205441,Yes
1458043959356366853,Yes
1355937827775782919,No
1352677877960085505,No
1415704126823059463,No
1385559329294757888,No
1437431218501468164,Yes
1437326954194214915,Yes
1393189262347145219,Yes
1403641031267078144,No
1427187616563216384,Yes
1439646458945445894,No
1421758363076071424,No
1435887718257541123,No
1381312185025069061,No
1390758457637224458,No
1355109569752657923,Yes
1436265298764738566,No
1355244458162401287,No
1459637899616473093,No
1445498223536214021,No
1437683737513365505,Yes
1440419333667115013,No
1409387886290608129,No
1408338681123901447,No
1385752975268790273,No
1434841010027307008,No
1364306407147798534,No
1446805633320247299,Yes
1432820961091407872,No
1429193320572628998,No
1441504734410514433,No
1395861466012598276,Yes
1473662333134249985,Yes
1356387498285559809,No
1369392801834733577,No
1373900840633839616,No
1440033002566742025,Yes
1391503989339037696,Yes
1421246829946183683,No
1398312803488960519,No
1422302308952649734,Yes
1381681957797511170,No
1458564510642475008,No
1346182796486836229,No
1439641186797555720,Yes
1437488641920675846,Yes
1441288590282018816,No
1424387615982342147,Yes
1438638762687336448,Yes
1417249837737725953,No
1432071831528382464,No
1458803657332432898,Yes
1421239711192989697,Yes
1458162742834106368,Yes
1387800264552456201,No
1434224801330180099,No
1469956353313718280,Yes
1419412435132366852,No
1378036301061062664,Yes
1360287592818872324,No
1440789469821485056,Yes
1422961295146508288,Yes
1349680053290983424,Yes
1389193303623602177,No
1444077921866551296,No
1433792582883201044,Yes
1381338690912448513,No
1383382457408315397,No
1442484024728039424,No
1348245826976538624,No
1472613034900303882,Yes
1455533537692639234,Yes
1448960577716559886,No
1469354691532406784,Yes
1473329236744286216,Yes
1439556420832223235,Yes
1434759266024501253,Yes
1379169872530247685,No
1396233596835438596,No
1420257089138663425,Yes
1440045350388047875,No
1450450014283735044,Yes
1364506755598848002,No
1423047738833391616,Yes
1381637876069371904,No
1418883166677372939,Yes
1389582441078312965,No
1434250712079290368,No
1392733481160089604,No
1471469011179380746,Yes
1435160681796538372,Yes
1436772030129614850,Yes
1404917485082660868,No
1429867776693440512,Yes
1425016565318275098,No
1471341683052793858,Yes
1428038729042743296,Yes
1417184807990304771,Yes
1412855752339898372,No
1426143710572654596,Yes
1452631831753465872,Yes
1402213733963870213,No
1443256142809993222,No
1469989166935121921,Yes
1358329125908455428,No
1438106106115600388,Yes
1471825166628012040,Yes
1468693981101969408,Yes
1374053867286061057,Yes
1428270341311303680,No
1417189201834094594,No
1365740572649095172,No
1372970502898249730,No
1416035398480977922,Yes
1425384013947092998,Yes
1392059060560801793,No
1428247196332437504,Yes
1393599546639495170,No
1474074753514319881,Yes
1348266398376714241,Yes
1442194632012713989,No
1454020003213291536,No
1363245600561639426,Yes
1443248270516662274,No
1472372248157868033,Yes
1469347990502625282,No
1421863557726097414,Yes
1415613117581697025,No
1469267146970701824,Yes
1421620450585632770,No
1413028944807436291,No
1433138715690369027,No
1420266402531917824,Yes
1443990321482850305,Yes
1390042705565192200,Yes
1392763931408617472,Yes
1444710617747705863,Yes
1425398378041683971,Yes
1420991503137128450,Yes
1449084297344860167,Yes
1364673651581325313,No
1470133279613403146,Yes
1425146626394529793,Yes
1430850935505530885,No
1448406512150384649,No
1456536703108325390,Yes
1426185117924474880,No
1451529359886589971,Yes
1423187794688724994,Yes
1426836666556235778,No
1365646290969915393,No
1457629849053507587,Yes
1438594836014239746,Yes
1432935817920516096,No
1345354805225672704,No
1447245164217606144,Yes
1456251752081133572,Yes
1435701770664222730,Yes
1365612069240864771,No
1377380706158927874,No
1380616073561669632,No
1392817728818384903,No
1453391056284704769,Yes
1387678572677148672,No
1426816366250708996,Yes
1418611581034930177,Yes
1405804465870061568,No
1459504693588250629,Yes
1421150647429341187,Yes
1453107677706522632,Yes
1396924229254254596,No
1467819005021143042,Yes
1395622198174490624,Yes
1447891029097603072,Yes
1370109417543376898,No
1356325086186385409,No
1348996473581662210,No
1403336597811175429,No
1421898374618488832,Yes
1439172999568109568,Yes
1382712938700627970,Yes
1415235465775566851,No
1445066900174671882,No
1414235865858072586,No
1434631014693933063,Yes
1432422938402123776,No
1448347200786948102,Yes
1353737851591143424,No
1426155708572176386,Yes
1432082538336604165,No
1446540526325534728,Yes
1371546626867798023,No
1347831347121893377,No
1422198487320498176,No
1429192267118563333,Yes
1360662319479554051,No
1417632888149979141,Yes
1437650084741541890,No
1350490114737262592,Yes
1467921441152802819,Yes
1420366226191179778,No
1366710760039153667,No
1445716234830503936,Yes
1449017514697048068,Yes
1459474634420760576,Yes
1353273221693534208,No
1431669162015805441,No
1361777154141396994,No
1427319683028500486,No
1411815519238434824,No
1468595741623197696,Yes
1448589587459289088,Yes
1474310950782226436,No
1376597095679987716,No
1348614762167492609,No
1429853087943045126,No
1386459889120202763,No
1391492287193042952,No
1474125292939657219,Yes
1438621265783369732,Yes
1408279539755753472,No
1456995033836658696,No
1359894112141516801,No
1433755139953811459,No
1417399111616184320,Yes
1436776374300184587,Yes
1425896707078950916,No
1451602481851555843,Yes
1350913889593122817,No
1459076392952512531,Yes
1364461852244144129,No
1367536615971819520,No
1446291275611877391,Yes
1422315567541796868,Yes
1366001298945024002,No
1459149668760313857,Yes
1458879498171125770,Yes
1444006467128991746,Yes
1365405721219768323,No
1421199340878581769,Yes
1459901931518926853,Yes
1388940820787642369,No
1457742002800533505,Yes
1377636395142033412,No
1472453223021789184,Yes
1417258282155130885,No
1444405399097122819,Yes
1407458261905854467,No
1444637626166874114,Yes
1364258805975027712,No
1423273226109599749,Yes
1389189828244291591,No
1470793866349527056,Yes
1353437235329310720,No
1459279022945456133,Yes
1433921543487332355,Yes
1425175549002096645,Yes
1377943929895727104,No
1416864760491085829,Yes
1368576017749704704,No
1394339054435569667,Yes
1442126858255011841,No
1416035839386296324,Yes
1436799564296736782,Yes
1429022217493438464,Yes
1449329417004650499,No
1450144735159623687,No
1428286994321485824,Yes
1436787115484921861,No
1445042874769420292,No
1385974824154107908,Yes
1427974465644908550,No
1470817538128977925,Yes
1473249504921067522,Yes
1394362760667017223,No
1474231418712739840,Yes
1351589998424940544,Yes
1473260707076583424,Yes
1345122271308996608,No
1397220365546496006,No
1450526082109775882,No
1434827774007595009,No
1368454801139372033,No
1401543394434949122,No
1439504769559797760,Yes
1434163859879829512,Yes
1429560058753523713,Yes
1435165598116454403,Yes
1457780682768334855,Yes
1421209297527189507,Yes
1402491859113545734,Yes
1390753065058410501,No
1391800425968545802,Yes
1446991065664442370,No
1469681356947001347,Yes
1425884989409927172,Yes
1446782380904173569,Yes
1455571672044556298,Yes
1448280530693279746,Yes
1437044523327164425,Yes
1420101507542884353,Yes
1446897552859836420,Yes
1438572679360024576,No
1473632369949163530,Yes
1468105737591304197,Yes
1441743629878538242,Yes
1354159572068544520,No
1450848901557362693,Yes
1453271556788981770,Yes
1437319095612055555,Yes
1434968201436225540,Yes
1421496786959675396,No
1425834007632125964,Yes
1448950152899743744,No
1432724517273718792,Yes
1458670397898043394,Yes
1431238322253230092,No
1344979336592560128,No
1469406334793699330,Yes
1354069318208778240,No
1473641780092489732,Yes
1449961472172376065,No
1414843245528559618,No
1471044148291682309,Yes
1407968498161270786,No
1473173148669521921,Yes
1413179967857430528,Yes
1450425824214233089,Yes
1471492308935659523,Yes
1385395585763713027,No
1466807041381576707,Yes
1440015891954085891,No
1388855767416061956,No
1371924242581889033,No
1421559208714047493,Yes
1448302615918481408,No
1406632607706718211,No
1429463290300743682,Yes
1467220580621557769,Yes
1353827484672937984,Yes
1444198908402577411,Yes
1452715162759270400,No
1366897759723397120,No
1436987754630590469,Yes
1369392004090761218,No
1437418918285651969,No
1447113439210573826,Yes
1390553940039766016,Yes
1413738592082571264,No
1469366346433576963,Yes
1471174498732945417,Yes
1425309050053570560,Yes
1428453550510821388,Yes
1421929687547367426,Yes
1385311373761122306,No
1368976290661949441,Yes
1360274684823162893,No
1446236924801335308,Yes
1429331036878643205,Yes
1386696035997736961,No
1416340903531253763,No
1459836397746065408,Yes
1391687529552924676,No
1458662178958028804,Yes
1447521400990863360,No
1456246828765220868,Yes
1438424688368275458,No
1411800673910505475,No
1440311212961505296,Yes
1453310384153169933,Yes
1437666082375020550,Yes
1438615646959439881,No
1384446669777944577,No
1438190444043776015,No
1439155830516027393,Yes
1405258238292021252,Yes
1424954826568388630,Yes
1444679933796683776,Yes
1405893023972663296,No
1347291959602393109,No
1472703954014384136,Yes
1441309839364345856,No
1423538915458306048,Yes
1435253818019786759,Yes
1373653368732803072,No
1470042642725715974,Yes
1453014122845638657,No
1438589128174620676,Yes
1370335936391823361,No
1345105226081177603,No
1467416416508858368,Yes
1423966287903006720,No
1458132920976150528,Yes
1394611282385375234,No
1446416371319984128,Yes
1391825569524994050,No
1436810953954316288,Yes
1468279056789614600,Yes
1455820504451977217,Yes
1431507285336002561,No
1350544459075878915,No
1425472403300306944,No
1470114374656405504,No
1392626521819467779,Yes
1386467094510948353,No
1359313358319718401,No
1444262954342535169,Yes
1422145126365868038,Yes
1381230943449575424,No
1364215165919576069,No
1345088064683696129,Yes
1402377565986230281,No
1423716381170745354,Yes
1437798318734778368,Yes
1393455035669954562,No
1424040448562274310,Yes
1428935887988170754,Yes
1383043441458880517,No
1398954168371531777,No
1357423823977668610,No
1440758170809356290,Yes
1360494144259506178,No
1442165531029671946,Yes
1421153121242206210,Yes
1414543275185393667,No
1412331944579407873,No
1372544208519761923,Yes
1442945206488231936,No
1473953203335176205,Yes
1453404156325138434,Yes
1474006810260656152,Yes
1419286002292695041,No
1423936308704055299,No
1349833229679865858,No
1459732453678006273,Yes
1445493443136921614,No
1474309636027301889,Yes
1366876497127092225,No
1426828325327097856,Yes
1347833816728141825,No
1448694152871518214,Yes
1459490420342280196,Yes
1369555826046885891,No
1393304624594051075,No
1414635759164866560,No
1356712378163994624,No
1453095864000471042,Yes
1365029456071581697,No
1446418799448756228,No
1471193316054216710,Yes
1350425202455425025,No
1356741532347490305,No
1368622355581403136,No
1440724416510365701,Yes
1452960500417970193,Yes
1380800401495187457,No
1443298798462251009,No
1473325651478388736,No
1433801026310709252,Yes
1425524311889170434,Yes
1356536246760333312,Yes
1439329190818553863,Yes
1416696228105043970,Yes
1387487399257772035,Yes
1455236361431158784,No
1428083443523534858,No
1425097600676638720,Yes
1402308797423566857,Yes
1472577166332289036,Yes
1434051512905478146,Yes
1397607840408379392,No
1446503276917178380,Yes
1453672393533267969,Yes
1383052106886692866,No
1425196559441047552,Yes
1434207723642576903,Yes
1424483891910529024,Yes
1381314941513310220,Yes
1368272572442439684,No
1456719236366221315,No
1470326276187643909,Yes
1455250837853331459,Yes
1345768460501053441,No
1420024920239706118,Yes
1412795668108820486,No
1452737551534600202,No
1400069726114566149,No
1440714235122622467,Yes
1435720051601068034,Yes
1420861614593556481,Yes
1435970274596249609,Yes
1420775141869604867,No
1436031462575386625,No
1408740187170037761,No
1434414885631401985,Yes
1430275979470049286,No
1405604630785101824,No
1473023004674301954,Yes
1407489730908991489,No
1356347991704166403,No
1471716118901501954,Yes
1448191463297331200,No
1432713038281547790,No
1359222846527045632,No
1440414857866596361,No
1369675197607993347,No
1428355207994363914,Yes
1389968280572600323,No
1367145795347218435,No
1382243421172207618,No
1438881010368892928,Yes
1445872960695422977,Yes
1412503267217752065,No
1453060603904471047,Yes
1407661055665487876,No
1429841894184476678,Yes
1447893010382000128,Yes
1417776601455026177,Yes
1417632106595880963,No
1470771379461136387,Yes
1468628246455635974,Yes
1459379930953924608,No
1363582713094164484,No
1440411776516976647,Yes
1458140771027075077,Yes
1468330796343775241,Yes
1424074261010989062,No
1443994036847710225,Yes
1472512691344486403,Yes
1466787999816028163,Yes
1440394107298275329,Yes
1366426882380554242,No
1348140783996690438,Yes
1473323829040754690,Yes
1388463202388873224,No
1440054051815653384,Yes
1444733804225208321,Yes
1426972174024388615,Yes
1396399411920609280,No
1474059119321624578,Yes
1347888223549337606,No
1454455944063094785,No
1467492812077871108,Yes
1434159900364582912,No
1450495936216580102,Yes
1456619550565351430,Yes
1425528247186493449,Yes
1450335577337892866,Yes
1386325249055100930,No
1434196982344531968,No
1363215426721882116,Yes
1357079107524247558,No
1433394891195916289,No
1423236273888694272,No
1421619540409073665,Yes
1425897497914916865,Yes
1458042829188608000,Yes
1419025776545079299,Yes
1433961085179150338,Yes
1470073810766467078,Yes
1403754868460904448,No
1425871635274510345,Yes
1455955369482723335,Yes
1418200652002381827,Yes
1467774312413335552,Yes
1472002938902044673,Yes
1469571841949933578,Yes
1427796992143540228,Yes
1368328482112106499,No
1449609973965770755,Yes
1428281017484337153,No
1470442945044221955,Yes
1438126589615693826,No
1448344267160702978,No
1357025310118715392,Yes
1467899528531648514,Yes
1417194739263320070,No
1396091684623200258,No
1422844685723312130,Yes
1401204211107483653,Yes
1425698379250679811,Yes
1449733862725128196,No
1377966530894426112,No
1460228960168685568,Yes
1415609421984567297,No
1456605499860914179,Yes
1413177200879210504,No
1376870787420979207,No
1467514395978776581,Yes
1444591471437430788,No
1471432905654251525,Yes
1404782403307163651,Yes
1407807056443228161,No
1460323834939248643,Yes
1456889930748203010,Yes
1401526235537285124,No
1354144986367987712,No
1417035024382169091,No
1432333213872046083,No
1420895875753185281,Yes
1473551205100048385,Yes
1427966020233441287,Yes
1456152952251592706,Yes
1420250306101878784,No
1441565753900216322,Yes
1359960111196876800,No
1450106620478955523,No
1424651748300447747,No
1445810941010923521,Yes
1459118315071225858,Yes
1442405359298170881,No
1349685449674149888,No
1374442707783798791,Yes
1389738757331562499,No
1426256220533444611,Yes
1451986834905522176,No
1471157079851384835,Yes
1441010458601955329,Yes
1472859954306744321,Yes
1453029502490226692,Yes
1428294038306893825,No
1373069011144089604,Yes
1419084773348286465,No
1417315838714069000,No
1416144676990722053,Yes
1466793383788220421,Yes
1448350353439744003,Yes
1423327989044072453,Yes
1417253447347458052,No
